tit,imgurl,price,info,comment,guipic,nickname,tage
美色沉浸之旅-惠斯勒（Whistler）,../assets/imgs/285b6a48bd61c5f7403dfd56539f5e0c(1).jpg,2108,加拿大 惠斯勒,6条评价,../assets/imgs/A4565C78B6A4D309F50A0F8B06704BA4(1).jpg,张明,一日游
巴厘岛母神庙一日游,../assets/imgs/07e19a792d0c47835b743679e27737b5(1).jpg,508,印度尼西亚 巴厘岛,3351条评价,../assets/imgs/b9a31d3949b1882a09ed2f8508d538f3(149).gif,Yuni mulyana,一日游
巴厘岛海神庙情人才去的情人崖，让爱情永驻,../assets/imgs/b9a31d3949b1882a09ed2f8508d538f3(149).gif,505,印度尼西亚 巴厘岛,3351条评价,../assets/imgs/b9a31d3949b1882a09ed2f8508d538f3(149).gif,Yuni mulyana,一日游
马哈泰寺—三王庙—拉布拉多寺—夏日行宫,../assets/imgs/b9a31d3949b1882a09ed2f8508d538f3(150).gif,480,泰国 大城府,2912条评价,../assets/imgs/b9a31d3949b1882a09ed2f8508d538f3(150).gif,小燕,一日游
【包车自由行】马尼拉经典线路 王城兼购物,../assets/imgs/b9a31d3949b1882a09ed2f8508d538f3(150).gif,980,菲律宾 马尼拉,536条评价,../assets/imgs/b9a31d3949b1882a09ed2f8508d538f3(150).gif,阳光,一日游
郊区梅林一日游,../assets/imgs/b9a31d3949b1882a09ed2f8508d538f3(150).gif,500,泰国 清迈,1950条评价,../assets/imgs/b9a31d3949b1882a09ed2f8508d538f3(150).gif,清迈小达,一日游
河内市区一日游,../assets/imgs/b9a31d3949b1882a09ed2f8508d538f3(150).gif,950,越南 河内,797条评价,../assets/imgs/b9a31d3949b1882a09ed2f8508d538f3(150).gif,杨松,一日游
巴厘岛火山+温泉 茱莉亚罗伯茨一样的女王,../assets/imgs/b9a31d3949b1882a09ed2f8508d538f3(150).gif,505,印度尼西亚 巴厘岛,3351条评价,../assets/imgs/ce070978-b2ef-45ae-985a-526f08b3676c(2).jpg,Yuni mulyana,一日游
丹嫩沙朵水上市场、大象营、树中庙、一日游,../assets/imgs/1C25E9ED8D182452BCAB79F20C3A9203(1).jpg,346,泰国 曼谷,2912条评价,../assets/imgs/C65F85D414276A01B2E648D27885044F(2).jpg,小燕,一日游
罗马-卡普里一日游,../assets/imgs/3e52e4fadc3cdf0e1579b5d02fda57f7(1).jpg,3500,意大利 罗马,741条评价,../assets/imgs/07D0942BC8E60E389CDF599F62C6A5CC(2).jpg,海杰,一日游
吉隆坡首都一日游,../assets/imgs/970e2c38e1d258ac996f66486d9bb9a2(1).jpg,690,马来西亚 吉隆坡,400条评价,../assets/imgs/b9a31d3949b1882a09ed2f8508d538f3(151).gif,Vincent小姚,一日游
芽庄三岛游,../assets/imgs/b9a31d3949b1882a09ed2f8508d538f3(151).gif,1250,越南 芽庄,797条评价,../assets/imgs/b9a31d3949b1882a09ed2f8508d538f3(151).gif,杨松,一日游
蓝梦岛的鱼群海底和魔鬼泪悬崖一起上山入海,../assets/imgs/b9a31d3949b1882a09ed2f8508d538f3(151).gif,1111,印度尼西亚 巴厘岛,3351条评价,../assets/imgs/b9a31d3949b1882a09ed2f8508d538f3(151).gif,Yuni mulyana,一日游
曼谷艺术中心、树中庙、水上市场 一日游,../assets/imgs/b9a31d3949b1882a09ed2f8508d538f3(151).gif,266,泰国 曼谷,2912条评价,../assets/imgs/b9a31d3949b1882a09ed2f8508d538f3(151).gif,小燕,一日游
天空之城＋千泉宫,../assets/imgs/b9a31d3949b1882a09ed2f8508d538f3(151).gif,2800,意大利 罗马,741条评价,../assets/imgs/b9a31d3949b1882a09ed2f8508d538f3(151).gif,海杰,一日游
萤火虫之旅看老鹰银叶猴一日游,../assets/imgs/b9a31d3949b1882a09ed2f8508d538f3(151).gif,690,马来西亚 吉隆坡,400条评价,../assets/imgs/b9a31d3949b1882a09ed2f8508d538f3(151).gif,Vincent小姚,一日游
马尼拉经典之旅（含大雅台火山）,../assets/imgs/b9a31d3949b1882a09ed2f8508d538f3(151).gif,320,菲律宾 马尼拉,536条评价,../assets/imgs/b9a31d3949b1882a09ed2f8508d538f3(151).gif,阳光,一日游
冲绳经典路线北部小包团一日游,../assets/imgs/b9a31d3949b1882a09ed2f8508d538f3(152).gif,479,日本 冲绳,484条评价,../assets/imgs/b9a31d3949b1882a09ed2f8508d538f3(152).gif,张平,一日游
芽庄市区一日游,../assets/imgs/b9a31d3949b1882a09ed2f8508d538f3(152).gif,950,越南 芽庄,797条评价,../assets/imgs/b9a31d3949b1882a09ed2f8508d538f3(152).gif,杨松,一日游
平安包车旅游,../assets/imgs/b9a31d3949b1882a09ed2f8508d538f3(152).gif,684,泰国 曼谷,253条评价,../assets/imgs/b9a31d3949b1882a09ed2f8508d538f3(152).gif,浩哥,一日游
芽庄市区一日游,../assets/imgs/b9a31d3949b1882a09ed2f8508d538f3(152).gif,950,越南 芽庄,797条评价,../assets/imgs/a119eccb297476da7f9cd88a152240e2(4).jpg,杨松,一日游
平安包车旅游,../assets/imgs/0536902273cbcaec2e3efdaa0b9dbfe4(1).jpeg,684,泰国 曼谷,253条评价,../assets/imgs/151023094316801d9ce667df8a131ff6(2).jpg,浩哥,一日游
宜珍火山（Ijen blue fire）,../assets/imgs/b46a461a54c124a475d545117321c564(1).jpg,2833,印度尼西亚 巴厘岛,3351条评价,../assets/imgs/ce070978-b2ef-45ae-985a-526f08b3676c(3).jpg,Yuni mulyana,一日游
探访泰国历史名城阿育他亚－－大城,../assets/imgs/a8c87c49a3d0b4e0e7d6dd4cc88b6033.png,1028,泰国 大城府,248条评价,../assets/imgs/b9a31d3949b1882a09ed2f8508d538f3(153).gif,大坤,一日游
乌布皇宫→乌布市场→圣泉寺→海神庙,../assets/imgs/b9a31d3949b1882a09ed2f8508d538f3(153).gif,399,印度尼西亚 巴厘岛,243条评价,../assets/imgs/b9a31d3949b1882a09ed2f8508d538f3(153).gif,林林angel,一日游
云顶高原凉快之旅,../assets/imgs/b9a31d3949b1882a09ed2f8508d538f3(154).gif,900,马来西亚 彭亨,400条评价,../assets/imgs/b9a31d3949b1882a09ed2f8508d538f3(154).gif,Vincent小姚,一日游
冲绳深度中部小包团一日游,../assets/imgs/b9a31d3949b1882a09ed2f8508d538f3(154).gif,449,日本 冲绳,484条评价,../assets/imgs/b9a31d3949b1882a09ed2f8508d538f3(154).gif,张平,一日游
泰国特色水上市场一日游,../assets/imgs/b9a31d3949b1882a09ed2f8508d538f3(154).gif,220,泰国 曼谷,253条评价,../assets/imgs/b9a31d3949b1882a09ed2f8508d538f3(154).gif,曼谷小宝,一日游
天空之门 -水宫- 瀑布,../assets/imgs/b9a31d3949b1882a09ed2f8508d538f3(154).gif,508,印度尼西亚 巴厘岛,3351条评价,../assets/imgs/b9a31d3949b1882a09ed2f8508d538f3(154).gif,Yuni mulyana,一日游
岘港周边特色一日游,../assets/imgs/b9a31d3949b1882a09ed2f8508d538f3(154).gif,260,越南 岘港,234条评价,../assets/imgs/b9a31d3949b1882a09ed2f8508d538f3(154).gif,小春在岘港,一日游
泰国芭提雅豪华双体游艇浮潜海钓三岛一日游,../assets/imgs/b9a31d3949b1882a09ed2f8508d538f3(154).gif,640,泰国 芭提雅,248条评价,../assets/imgs/b9a31d3949b1882a09ed2f8508d538f3(154).gif,大坤,一日游
努沙杜美丽的海滩+情人悬崖+夕阳晚餐,../assets/imgs/b9a31d3949b1882a09ed2f8508d538f3(154).gif,399,印度尼西亚 巴厘岛,243条评价,../assets/imgs/b9a31d3949b1882a09ed2f8508d538f3(154).gif,林林angel,一日游
吉胆岛！客制化包车游,../assets/imgs/b9a31d3949b1882a09ed2f8508d538f3(155).gif,800,马来西亚 吉隆坡,400条评价,../assets/imgs/b9a31d3949b1882a09ed2f8508d538f3(155).gif,Vincent小姚,一日游
冲绳经典行程巴士一日游,../assets/imgs/b9a31d3949b1882a09ed2f8508d538f3(155).gif,300,日本 冲绳,484条评价,../assets/imgs/b9a31d3949b1882a09ed2f8508d538f3(155).gif,张平,一日游
开心芭提雅,../assets/imgs/b9a31d3949b1882a09ed2f8508d538f3(155).gif,400,泰国 芭提雅,253条评价,../assets/imgs/b9a31d3949b1882a09ed2f8508d538f3(155).gif,浩哥,一日游
阿布扎比一日游,../assets/imgs/b9a31d3949b1882a09ed2f8508d538f3(155).gif,1800,阿联酋 阿布扎比,118条评价,../assets/imgs/b9a31d3949b1882a09ed2f8508d538f3(155).gif,马帅,一日游
最地道的东京一日游,../assets/imgs/b9a31d3949b1882a09ed2f8508d538f3(155).gif,998,日本 东京,48条评价,../assets/imgs/b9a31d3949b1882a09ed2f8508d538f3(155).gif,白,一日游
海神庙-秋千+鸟巢拍-乌布- 瀑布,../assets/imgs/b9a31d3949b1882a09ed2f8508d538f3(155).gif,388,印度尼西亚 巴厘岛,3351条评价,../assets/imgs/b9a31d3949b1882a09ed2f8508d538f3(155).gif,Yuni mulyana,一日游
美奈-jeep车给您游览,../assets/imgs/b9a31d3949b1882a09ed2f8508d538f3(155).gif,310,越南 潘切,234条评价,../assets/imgs/b9a31d3949b1882a09ed2f8508d538f3(155).gif,小春在岘港,一日游
雅典市内或周边城市一日游,../assets/imgs/b9a31d3949b1882a09ed2f8508d538f3(156).gif,1700,希腊 雅典,86条评价,../assets/imgs/b9a31d3949b1882a09ed2f8508d538f3(156).gif,希腊中文司兼导薛立强,一日游
私人船到藍夢島  私人船到藍色夢想島,../assets/imgs/b9a31d3949b1882a09ed2f8508d538f3(156).gif,2800,印度尼西亚 巴厘岛,243条评价,../assets/imgs/b9a31d3949b1882a09ed2f8508d538f3(156).gif,林林angel,一日游
私人船到藍夢島  私人船到藍色夢想島,../assets/imgs/032c54539e8e65f7c5c95fd2bb26fb86(1).jpg,2800,印度尼西亚 巴厘岛,243条评价,../assets/imgs/a119eccb297476da7f9cd88a152240e2(5).jpg,林林angel,一日游
红场，克里姆林宫，国家百货商场,../assets/imgs/AC0D90E114960276C120E3BDEC974CD6.jpg,766,俄罗斯 莫斯科,81条评价,../assets/imgs/ACA0874809EF2928236565B4E51A13FC(2).jpg,休止。,一日游
沙巴神山一日游,../assets/imgs/3ee46860b28b7f2cab8f612447f11907(1).jpg,300,马来西亚 沙巴,400条评价,../assets/imgs/b9a31d3949b1882a09ed2f8508d538f3(157).gif,Vincent小姚,一日游
洛克岛散拼一日游,../assets/imgs/b9a31d3949b1882a09ed2f8508d538f3(157).gif,600,泰国 普吉,128条评价,../assets/imgs/b9a31d3949b1882a09ed2f8508d538f3(157).gif,跟P虫,一日游
京都醍醐寺夜观红叶，镜花水月一日游,../assets/imgs/b9a31d3949b1882a09ed2f8508d538f3(158).gif,2350,日本 京都,83条评价,../assets/imgs/b9a31d3949b1882a09ed2f8508d538f3(158).gif,京都御影轩,一日游
我想静静-出海私人订制,../assets/imgs/b9a31d3949b1882a09ed2f8508d538f3(158).gif,160,越南 芽庄,136条评价,../assets/imgs/b9a31d3949b1882a09ed2f8508d538f3(158).gif,越南小鲁,一日游
天空之镜一生中值得体验一次的自然奇观,../assets/imgs/b9a31d3949b1882a09ed2f8508d538f3(158).gif,800,马来西亚 吉隆坡,592条评价,../assets/imgs/b9a31d3949b1882a09ed2f8508d538f3(158).gif,南洋风,一日游
纽约上州五日游,../assets/imgs/b9a31d3949b1882a09ed2f8508d538f3(158).gif,19005,美国 纽约,63条评价,../assets/imgs/b9a31d3949b1882a09ed2f8508d538f3(158).gif,jungo,一日游
浪漫之都圣彼得堡一日品质游,../assets/imgs/b9a31d3949b1882a09ed2f8508d538f3(158).gif,650,俄罗斯 圣彼得堡,81条评价,../assets/imgs/b9a31d3949b1882a09ed2f8508d538f3(158).gif,彦鹏,一日游
江之岛圣地巡礼plus镰仓一日大暴走,../assets/imgs/b9a31d3949b1882a09ed2f8508d538f3(158).gif,998,日本 镰仓,48条评价,../assets/imgs/b9a31d3949b1882a09ed2f8508d538f3(158).gif,白,一日游
北海道滑雪定制旅行,../assets/imgs/b9a31d3949b1882a09ed2f8508d538f3(158).gif,3388,日本 北海道,2条评价,../assets/imgs/b9a31d3949b1882a09ed2f8508d538f3(158).gif,日本-嗨玩达人,一日游
罗威纳看野生海豚 - 天然温泉和无边泳池,../assets/imgs/b9a31d3949b1882a09ed2f8508d538f3(158).gif,508,印度尼西亚 巴厘岛,3351条评价,../assets/imgs/b9a31d3949b1882a09ed2f8508d538f3(158).gif,Yuni mulyana,一日游
私人游艇到蓝梦岛，努沙佩尼塔岛,../assets/imgs/b9a31d3949b1882a09ed2f8508d538f3(159).gif,10800,印度尼西亚 巴厘岛,243条评价,../assets/imgs/b9a31d3949b1882a09ed2f8508d538f3(159).gif,林林angel,一日游
斯米兰一日游,../assets/imgs/b9a31d3949b1882a09ed2f8508d538f3(159).gif,420,泰国 普吉,128条评价,../assets/imgs/b9a31d3949b1882a09ed2f8508d538f3(159).gif,跟P虫,一日游
莫斯科大学，身临其境俄国最高学府,../assets/imgs/b9a31d3949b1882a09ed2f8508d538f3(159).gif,500,俄罗斯 莫斯科,81条评价,../assets/imgs/b9a31d3949b1882a09ed2f8508d538f3(159).gif,休止。,一日游
澳洲亲子游线路动物园-酒庄-巧克力工厂,../assets/imgs/b9a31d3949b1882a09ed2f8508d538f3(159).gif,450,澳大利亚 悉尼,74条评价,../assets/imgs/b9a31d3949b1882a09ed2f8508d538f3(159).gif,黄幸,一日游
马步岛 卡帕莱 浮潜一日游,../assets/imgs/b9a31d3949b1882a09ed2f8508d538f3(159).gif,230,马来西亚 仙本那,400条评价,../assets/imgs/b9a31d3949b1882a09ed2f8508d538f3(159).gif,Vincent小姚,一日游
布拉格一日游,../assets/imgs/b9a31d3949b1882a09ed2f8508d538f3(159).gif,2100,捷克 布拉格,57条评价,../assets/imgs/b9a31d3949b1882a09ed2f8508d538f3(159).gif,孙梦晨,一日游
皇后镇周边——箭镇 格林诺奇 一日游,../assets/imgs/b9a31d3949b1882a09ed2f8508d538f3(159).gif,2277,新西兰 皇后镇,90条评价,../assets/imgs/b9a31d3949b1882a09ed2f8508d538f3(159).gif,Raymond,一日游
斯里兰卡加勒旅拍一日游,../assets/imgs/b9a31d3949b1882a09ed2f8508d538f3(160).gif,628,斯里兰卡 加勒,62条评价,../assets/imgs/b9a31d3949b1882a09ed2f8508d538f3(160).gif,阿度,一日游
皇后镇周边——箭镇 格林诺奇 一日游,../assets/imgs/b9a31d3949b1882a09ed2f8508d538f3(160).gif,2277,新西兰 皇后镇,90条评价,../assets/imgs/660dcb602ea9b01b373459b56215273e2(3).png,Raymond,一日游
斯里兰卡加勒旅拍一日游,../assets/imgs/b9a31d3949b1882a09ed2f8508d538f3(160).gif,628,斯里兰卡 加勒,62条评价,../assets/imgs/064283b72fca3bde1d589bc722d438312(2).JPG,阿度,一日游
攀牙湾帆船落日游,../assets/imgs/b9a31d3949b1882a09ed2f8508d538f3(161).gif,299,泰国 普吉,105条评价,../assets/imgs/b9a31d3949b1882a09ed2f8508d538f3(161).gif,小马哥,一日游
东京小确幸最时尚三角地带一日游,../assets/imgs/b9a31d3949b1882a09ed2f8508d538f3(161).gif,1100,日本 东京,48条评价,../assets/imgs/b9a31d3949b1882a09ed2f8508d538f3(161).gif,白,一日游
柬埔寨吴哥窟精华寺庙一日游,../assets/imgs/b9a31d3949b1882a09ed2f8508d538f3(161).gif,220,柬埔寨 暹粒,56条评价,../assets/imgs/b9a31d3949b1882a09ed2f8508d538f3(161).gif,dong,一日游
私人渔船带你钓鱼，享受海洋风光,../assets/imgs/b9a31d3949b1882a09ed2f8508d538f3(162).gif,2000,印度尼西亚 巴厘岛,243条评价,../assets/imgs/b9a31d3949b1882a09ed2f8508d538f3(162).gif,林林angel,一日游
百度库 - 双瀑布 - 水稻梯田,../assets/imgs/b9a31d3949b1882a09ed2f8508d538f3(162).gif,508,印度尼西亚 巴厘岛,3351条评价,../assets/imgs/b9a31d3949b1882a09ed2f8508d538f3(162).gif,Yuni mulyana,一日游
斯米兰散拼一日游,../assets/imgs/b9a31d3949b1882a09ed2f8508d538f3(162).gif,450,泰国 普吉,128条评价,../assets/imgs/b9a31d3949b1882a09ed2f8508d538f3(162).gif,跟P虫,一日游
敦沙兰卡海洋公园浮潜一日游,../assets/imgs/b9a31d3949b1882a09ed2f8508d538f3(162).gif,230,马来西亚 仙本那,400条评价,../assets/imgs/b9a31d3949b1882a09ed2f8508d538f3(162).gif,Vincent小姚,一日游
库特纳霍拉（人骨教堂）,../assets/imgs/b9a31d3949b1882a09ed2f8508d538f3(162).gif,2200,捷克 库特纳霍拉,57条评价,../assets/imgs/b9a31d3949b1882a09ed2f8508d538f3(162).gif,孙梦晨,一日游
鸟岛黑沙滩-赛特勒斯古堡庄园一日游,../assets/imgs/b9a31d3949b1882a09ed2f8508d538f3(162).gif,1485,新西兰 奥克兰,90条评价,../assets/imgs/b9a31d3949b1882a09ed2f8508d538f3(162).gif,Raymond,一日游
马尔代夫旅拍婚纱一日游,../assets/imgs/b9a31d3949b1882a09ed2f8508d538f3(162).gif,6166,马尔代夫 马累,62条评价,../assets/imgs/b9a31d3949b1882a09ed2f8508d538f3(162).gif,阿度,一日游
攀牙湾帆船落日游,../assets/imgs/c8ee49e5d53f423f49dccb042260f21e2.jpg,299,泰国 普吉,105条评价,../assets/imgs/777485C1A561C7E2CFB0BBEC62BD3123(1).jpg,小马哥,一日游
东京小确幸最时尚三角地带一日游,../assets/imgs/595AB15674A0F3882F3D06FF818C2A76.jpg,1100,日本 东京,48条评价,../assets/imgs/b9a31d3949b1882a09ed2f8508d538f3(163).gif,白,一日游
鸟岛黑沙滩-赛特勒斯古堡庄园一日游,../assets/imgs/b9a31d3949b1882a09ed2f8508d538f3(163).gif,1485,新西兰 奥克兰,90条评价,../assets/imgs/660dcb602ea9b01b373459b56215273e2(4).png,Raymond,一日游
马尔代夫旅拍婚纱一日游,../assets/imgs/6c224429fc490846fc9c662f0519a3e3(1).JPG,6166,马尔代夫 马累,62条评价,../assets/imgs/064283b72fca3bde1d589bc722d438312(3).JPG,阿度,一日游
横滨—心中挚爱,../assets/imgs/b9a31d3949b1882a09ed2f8508d538f3(164).gif,1100,日本 横滨,48条评价,../assets/imgs/C7F52E7CBE9F2AD868785A9F0737FB17(2).jpg,白,一日游
巴厘岛罗威纳看海豚 - 瀑布 - 百度库,../assets/imgs/b9a31d3949b1882a09ed2f8508d538f3(164).gif,508,印度尼西亚 巴厘岛,3351条评价,../assets/imgs/b9a31d3949b1882a09ed2f8508d538f3(164).gif,Yuni mulyana,一日游
趣味海钓（白+黑）,../assets/imgs/b9a31d3949b1882a09ed2f8508d538f3(165).gif,440,泰国 普吉,128条评价,../assets/imgs/b9a31d3949b1882a09ed2f8508d538f3(165).gif,跟P虫,一日游
Tivua心形岛浮潜/玻璃底船/拍拍拍,../assets/imgs/b9a31d3949b1882a09ed2f8508d538f3(165).gif,557,斐济 楠迪,62条评价,../assets/imgs/b9a31d3949b1882a09ed2f8508d538f3(165).gif,老坏老坏,一日游
四轮传动越野车一日游等您来挑战！,../assets/imgs/b9a31d3949b1882a09ed2f8508d538f3(165).gif,3660,马来西亚 彭亨,400条评价,../assets/imgs/b9a31d3949b1882a09ed2f8508d538f3(165).gif,Vincent小姚,一日游
萤火虫洞+自助烤肉午餐+霍比特人村一日游,../assets/imgs/b9a31d3949b1882a09ed2f8508d538f3(165).gif,1220,新西兰 奥克兰,90条评价,../assets/imgs/b9a31d3949b1882a09ed2f8508d538f3(165).gif,Raymond,一日游
捷克克鲁姆洛夫一日游,../assets/imgs/b9a31d3949b1882a09ed2f8508d538f3(165).gif,2388,捷克 克鲁姆洛夫,57条评价,../assets/imgs/b9a31d3949b1882a09ed2f8508d538f3(165).gif,孙梦晨,一日游
摩洛哥全国自由行包车,../assets/imgs/b9a31d3949b1882a09ed2f8508d538f3(165).gif,1388,摩洛哥 马拉喀什,41条评价,../assets/imgs/b9a31d3949b1882a09ed2f8508d538f3(165).gif,shang,一日游
印度阿格拉（泰姬陵）一日游,../assets/imgs/b9a31d3949b1882a09ed2f8508d538f3(165).gif,1500,印度 阿格拉,46条评价,../assets/imgs/b9a31d3949b1882a09ed2f8508d538f3(165).gif,霍文乐,一日游
斯里兰卡加勒婚纱旅拍一日游,../assets/imgs/b9a31d3949b1882a09ed2f8508d538f3(166).gif,4500,斯里兰卡 加勒,62条评价,../assets/imgs/b9a31d3949b1882a09ed2f8508d538f3(166).gif,阿度,一日游
东京学府一日行,../assets/imgs/b9a31d3949b1882a09ed2f8508d538f3(166).gif,1100,日本 东京,48条评价,../assets/imgs/b9a31d3949b1882a09ed2f8508d538f3(166).gif,白,一日游
米兰-卢加诺-FoxTown一日游,../assets/imgs/b9a31d3949b1882a09ed2f8508d538f3(166).gif,2450,意大利 米兰,55条评价,../assets/imgs/b9a31d3949b1882a09ed2f8508d538f3(166).gif,胡朋,一日游
1日游·阳光狮子座带您游遍米兰美景,../assets/imgs/b9a31d3949b1882a09ed2f8508d538f3(166).gif,1028,意大利 米兰,41条评价,../assets/imgs/b9a31d3949b1882a09ed2f8508d538f3(166).gif,LIOU阳光狮子座,一日游
沙巴红树林一日游,../assets/imgs/b9a31d3949b1882a09ed2f8508d538f3(166).gif,230,马来西亚 沙巴,400条评价,../assets/imgs/b9a31d3949b1882a09ed2f8508d538f3(166).gif,Vincent小姚,一日游
奥克兰市内经典一日游,../assets/imgs/b9a31d3949b1882a09ed2f8508d538f3(166).gif,1314,新西兰 奥克兰,90条评价,../assets/imgs/b9a31d3949b1882a09ed2f8508d538f3(166).gif,Raymond,一日游
大阪箕面瀑布赏枫，泡温泉吃红叶天妇罗,../assets/imgs/b9a31d3949b1882a09ed2f8508d538f3(166).gif,2300,日本 大阪,55条评价,../assets/imgs/b9a31d3949b1882a09ed2f8508d538f3(166).gif,大阪火柴,一日游
本地帅哥带你玩转海陆空户外➕小资之城,../assets/imgs/b9a31d3949b1882a09ed2f8508d538f3(167).gif,1444,美国 西雅图,23条评价,../assets/imgs/b9a31d3949b1882a09ed2f8508d538f3(167).gif,小麦,一日游
印度新德里一日游,../assets/imgs/b9a31d3949b1882a09ed2f8508d538f3(167).gif,1050,印度 新德里,46条评价,../assets/imgs/b9a31d3949b1882a09ed2f8508d538f3(167).gif,霍文乐,一日游
加国最早最红赏枫点：尼亚加拉瀑布全景游,../assets/imgs/b9a31d3949b1882a09ed2f8508d538f3(167).gif,2180,加拿大 多伦多,35条评价,../assets/imgs/b9a31d3949b1882a09ed2f8508d538f3(167).gif,Tony,一日游
私人渔船带你钓鱼，享受海洋风光,../assets/imgs/0fc8ba20cc320ec1617df4738e2b8ad1.jpg,2000,印度尼西亚 巴厘岛,243条评价,../assets/imgs/b9a31d3949b1882a09ed2f8508d538f3(167).gif,林林angel,一日游
印度新德里一日游,../assets/imgs/b9a31d3949b1882a09ed2f8508d538f3(168).gif,1050,印度 新德里,46条评价,../assets/imgs/076cb2da804f78221061297eb63679352(1).jpg,霍文乐,一日游
加国最早最红赏枫点：尼亚加拉瀑布全景游,../assets/imgs/bdbfbef8bebb17c168de47b0a1d41acb(1).jpg,2180,加拿大 多伦多,35条评价,../assets/imgs/676A2ACFDD44680C989CD50E1F7FF379(1).jpg,Tony,一日游
泰国5星商务翻译 跑庙翻译 旅游翻译,../assets/imgs/692c5537-7fbf-46b3-bb74-aaa6166658cd.jpg,500,泰国 曼谷,66条评价,../assets/imgs/b9a31d3949b1882a09ed2f8508d538f3(169).gif,风哥哥,一日游
海豹岛企鹅滩好望角一日游,../assets/imgs/b9a31d3949b1882a09ed2f8508d538f3(169).gif,1500,南非 开普敦,45条评价,../assets/imgs/b9a31d3949b1882a09ed2f8508d538f3(169).gif,A-芊墨爸B,一日游
東京｜安藤忠雄和他的房子们,../assets/imgs/b9a31d3949b1882a09ed2f8508d538f3(169).gif,777,日本 东京,48条评价,../assets/imgs/b9a31d3949b1882a09ed2f8508d538f3(169).gif,白,一日游
哈瓦那一日游,../assets/imgs/b9a31d3949b1882a09ed2f8508d538f3(169).gif,750,古巴 哈瓦那,41条评价,../assets/imgs/b9a31d3949b1882a09ed2f8508d538f3(169).gif,DIANGO,一日游
瑞士🇨🇭铁力士雪山一日游,../assets/imgs/b9a31d3949b1882a09ed2f8508d538f3(169).gif,3500,意大利 米兰,55条评价,../assets/imgs/b9a31d3949b1882a09ed2f8508d538f3(169).gif,胡朋,一日游
巴拿山一日游,../assets/imgs/b9a31d3949b1882a09ed2f8508d538f3(169).gif,350,越南 岘港,42条评价,../assets/imgs/b9a31d3949b1882a09ed2f8508d538f3(169).gif,🇨🇳旅客专线,一日游
马达京 汀巴汀巴岛 邦邦岛 浮潜一日游,../assets/imgs/b9a31d3949b1882a09ed2f8508d538f3(169).gif,230,马来西亚 仙本那,400条评价,../assets/imgs/b9a31d3949b1882a09ed2f8508d538f3(169).gif,Vincent小姚,一日游
奥克兰半日游 随行程附带接送机服务,../assets/imgs/b9a31d3949b1882a09ed2f8508d538f3(169).gif,788,新西兰 奥克兰,90条评价,../assets/imgs/b9a31d3949b1882a09ed2f8508d538f3(169).gif,Raymond,一日游
一起追韩剧，走过宝剑小哥哥走过的路,../assets/imgs/b9a31d3949b1882a09ed2f8508d538f3(170).gif,600,韩国 京畿道,45条评价,../assets/imgs/b9a31d3949b1882a09ed2f8508d538f3(170).gif,刘超,一日游
岘港包车/租车/接送机（丰田Fotuner奔跑者2017新款）,../assets/imgs/9A0B9D32490F0C85CDC414087B6150CF(1).jpg,30,越南 岘港,42条评价,../assets/imgs/85418800C6F80AC9F24CF154E439CA30(2).jpg,🇨🇳旅客专线,机场接送
巴厘岛机场班车,../assets/imgs/bb23a5e76a27cd185251b0fe960c44fc(1).jpg,74,印度尼西亚 巴厘岛,3351条评价,../assets/imgs/b9a31d3949b1882a09ed2f8508d538f3(171).gif,Yuni mulyana,机场接送
曼谷素万那普 廊曼 芭提雅 普吉接送机,../assets/imgs/b9a31d3949b1882a09ed2f8508d538f3(172).gif,125,泰国 曼谷,2912条评价,../assets/imgs/b9a31d3949b1882a09ed2f8508d538f3(172).gif,小燕,机场接送
清迈机场接送机,../assets/imgs/b9a31d3949b1882a09ed2f8508d538f3(172).gif,65,泰国 清迈,1950条评价,../assets/imgs/b9a31d3949b1882a09ed2f8508d538f3(172).gif,清迈小达,机场接送
新加坡Changi机场接送服务,../assets/imgs/b9a31d3949b1882a09ed2f8508d538f3(172).gif,125,新加坡 新加坡,1004条评价,../assets/imgs/b9a31d3949b1882a09ed2f8508d538f3(172).gif,??Wendy??,机场接送
香港机场接送机,../assets/imgs/b9a31d3949b1882a09ed2f8508d538f3(172).gif,450,中国香港 香港,368条评价,../assets/imgs/b9a31d3949b1882a09ed2f8508d538f3(172).gif,Rock,机场接送
芭提雅曼谷素万那普 廊曼机场接送机服务,../assets/imgs/b9a31d3949b1882a09ed2f8508d538f3(172).gif,125,泰国 曼谷,2912条评价,../assets/imgs/b9a31d3949b1882a09ed2f8508d538f3(172).gif,小燕,机场接送
越南机场接送机服务,../assets/imgs/b9a31d3949b1882a09ed2f8508d538f3(172).gif,95,越南 河内,797条评价,../assets/imgs/a119eccb297476da7f9cd88a152240e2(6).jpg,杨松,机场接送
罗马机场接送,../assets/imgs/34CE40BFD83FB74E93E7E4C0D1AFECDA(1).jpg,420,意大利 罗马,741条评价,../assets/imgs/07D0942BC8E60E389CDF599F62C6A5CC(3).jpg,海杰,机场接送
巴塞罗那机场至市中心单次接送 5座车,../assets/imgs/7a3661aa2a3e4617d60c118fa58fc19a(1).png,335,西班牙 巴塞罗那,736条评价,../assets/imgs/814a228cf36972299667616921f4c3712(2).jpg,西班牙专业地接 沈隆,机场接送
苏梅岛全岛接送无忧~,../assets/imgs/a1af615c8b5a024c9bfe212b5ac16ebb(1).jpg,95,泰国 苏梅岛,651条评价,../assets/imgs/b9a31d3949b1882a09ed2f8508d538f3(173).gif,Molly,机场接送
吉隆坡，槟城，兰卡威，新山机场到市区华人中文司机转车接送,../assets/imgs/b9a31d3949b1882a09ed2f8508d538f3(173).gif,30,马来西亚 吉隆坡,592条评价,../assets/imgs/b9a31d3949b1882a09ed2f8508d538f3(173).gif,南洋风,机场接送
吉隆坡国际机场接送,../assets/imgs/b9a31d3949b1882a09ed2f8508d538f3(173).gif,155,马来西亚 吉隆坡,400条评价,../assets/imgs/b9a31d3949b1882a09ed2f8508d538f3(173).gif,Vincent小姚,机场接送
泰国包车接送机之旅,../assets/imgs/b9a31d3949b1882a09ed2f8508d538f3(173).gif,140,泰国 曼谷,418条评价,../assets/imgs/b9a31d3949b1882a09ed2f8508d538f3(173).gif,Sol,机场接送
深圳机场-香港机场－迪士尼-广东包车,../assets/imgs/b9a31d3949b1882a09ed2f8508d538f3(173).gif,700,中国香港 香港,368条评价,../assets/imgs/b9a31d3949b1882a09ed2f8508d538f3(173).gif,Rock,机场接送
广东省内及深圳市区或机场北站接送香港包车服务,../assets/imgs/b9a31d3949b1882a09ed2f8508d538f3(173).gif,300,中国香港 香港,98条评价,../assets/imgs/b9a31d3949b1882a09ed2f8508d538f3(173).gif,张芮,机场接送
岘港接送机服务,../assets/imgs/b9a31d3949b1882a09ed2f8508d538f3(173).gif,140,越南 岘港,797条评价,../assets/imgs/b9a31d3949b1882a09ed2f8508d538f3(173).gif,杨松,机场接送
墨尔本机场接送,../assets/imgs/b9a31d3949b1882a09ed2f8508d538f3(174).gif,258,澳大利亚 墨尔本,298条评价,../assets/imgs/b9a31d3949b1882a09ed2f8508d538f3(174).gif,周斌,机场接送
巴塞罗那机场至市中心单次接送 7座车,../assets/imgs/b9a31d3949b1882a09ed2f8508d538f3(174).gif,390,西班牙 巴塞罗那,736条评价,../assets/imgs/b9a31d3949b1882a09ed2f8508d538f3(174).gif,西班牙专业地接 沈隆,机场接送
VIP面包车 接送服务,../assets/imgs/b9a31d3949b1882a09ed2f8508d538f3(174).gif,268,泰国 曼谷,694条评价,../assets/imgs/b9a31d3949b1882a09ed2f8508d538f3(174).gif,Hana Lili,机场接送
巴塞罗那机场至市中心单次接送 7座车,../assets/imgs/b9a31d3949b1882a09ed2f8508d538f3(174).gif,390,西班牙 巴塞罗那,736条评价,../assets/imgs/814a228cf36972299667616921f4c3712(3).jpg,西班牙专业地接 沈隆,机场接送
VIP面包车 接送服务,../assets/imgs/86aaa8bf784a061e59e3bdb597a4ac48(1).jpg,268,泰国 曼谷,694条评价,../assets/imgs/B91CA65ADBD43E782321FC8FAE6B01AC(1).jpg,Hana Lili,机场接送
甲米靠谱的接送机：安全准时,../assets/imgs/a1af615c8b5a024c9bfe212b5ac16ebb(2).jpg,105,泰国 甲米,651条评价,../assets/imgs/b9a31d3949b1882a09ed2f8508d538f3(175).gif,Molly,机场接送
【马尼拉接送机】12座中巴 中英司机可选,../assets/imgs/b9a31d3949b1882a09ed2f8508d538f3(175).gif,289,菲律宾 马尼拉,536条评价,../assets/imgs/b9a31d3949b1882a09ed2f8508d538f3(175).gif,阳光,机场接送
芽庄接送机服务,../assets/imgs/b9a31d3949b1882a09ed2f8508d538f3(175).gif,140,越南 芽庄,797条评价,../assets/imgs/b9a31d3949b1882a09ed2f8508d538f3(175).gif,杨松,机场接送
平安接送机.酒店对酒店.接送,../assets/imgs/b9a31d3949b1882a09ed2f8508d538f3(176).gif,300,泰国 曼谷,253条评价,../assets/imgs/b9a31d3949b1882a09ed2f8508d538f3(176).gif,浩哥,机场接送
冲绳那霸机场接送服务,../assets/imgs/b9a31d3949b1882a09ed2f8508d538f3(176).gif,300,日本 冲绳,484条评价,../assets/imgs/b9a31d3949b1882a09ed2f8508d538f3(176).gif,张平,机场接送
槟城国际机场接送,../assets/imgs/b9a31d3949b1882a09ed2f8508d538f3(176).gif,155,马来西亚 槟城,400条评价,../assets/imgs/b9a31d3949b1882a09ed2f8508d538f3(176).gif,Vincent小姚,机场接送
巴塞罗那机场至市中心单次接送 8座车,../assets/imgs/b9a31d3949b1882a09ed2f8508d538f3(176).gif,560,西班牙 巴塞罗那,736条评价,../assets/imgs/b9a31d3949b1882a09ed2f8508d538f3(176).gif,西班牙专业地接 沈隆,机场接送
深圳机场到香港,../assets/imgs/b9a31d3949b1882a09ed2f8508d538f3(176).gif,700,中国香港 香港,368条评价,../assets/imgs/b9a31d3949b1882a09ed2f8508d538f3(176).gif,Rock,机场接送
岘港机场接送,../assets/imgs/b9a31d3949b1882a09ed2f8508d538f3(176).gif,100,越南 岘港,234条评价,../assets/imgs/b9a31d3949b1882a09ed2f8508d538f3(176).gif,小春在岘港,机场接送
胡志明市接送机服务,../assets/imgs/b9a31d3949b1882a09ed2f8508d538f3(176).gif,150,越南 胡志明,797条评价,../assets/imgs/b9a31d3949b1882a09ed2f8508d538f3(176).gif,杨松,机场接送
成田、羽田机场接送服务,../assets/imgs/b9a31d3949b1882a09ed2f8508d538f3(177).gif,580,日本 东京,158条评价,../assets/imgs/b9a31d3949b1882a09ed2f8508d538f3(177).gif,晓龙,机场接送
泰国各大机场专车接送酒店,../assets/imgs/b9a31d3949b1882a09ed2f8508d538f3(177).gif,180,泰国 曼谷,253条评价,../assets/imgs/b9a31d3949b1882a09ed2f8508d538f3(177).gif,曼谷小宝,机场接送
泰国曼谷机场－曼谷市区酒店接机和送机,../assets/imgs/b9a31d3949b1882a09ed2f8508d538f3(177).gif,158,泰国 曼谷,248条评价,../assets/imgs/b9a31d3949b1882a09ed2f8508d538f3(177).gif,大坤,机场接送
斗湖机场接送,../assets/imgs/b9a31d3949b1882a09ed2f8508d538f3(177).gif,340,马来西亚 仙本那,400条评价,../assets/imgs/b9a31d3949b1882a09ed2f8508d538f3(177).gif,Vincent小姚,机场接送
巴厘岛机场接送,../assets/imgs/b9a31d3949b1882a09ed2f8508d538f3(177).gif,79,印度尼西亚 巴厘岛,243条评价,../assets/imgs/b9a31d3949b1882a09ed2f8508d538f3(177).gif,林林angel,机场接送
马德里机场单程接送服务,../assets/imgs/b9a31d3949b1882a09ed2f8508d538f3(177).gif,398,西班牙 马德里,736条评价,../assets/imgs/b9a31d3949b1882a09ed2f8508d538f3(177).gif,西班牙专业地接 沈隆,机场接送
机场泰便捷接送机/包车,../assets/imgs/b9a31d3949b1882a09ed2f8508d538f3(177).gif,200,泰国 曼谷,115条评价,../assets/imgs/b9a31d3949b1882a09ed2f8508d538f3(177).gif,泰激情-记忆之旅,机场接送
香港机场接送机,../assets/imgs/b9a31d3949b1882a09ed2f8508d538f3(177).gif,688,中国香港 香港,368条评价,../assets/imgs/b9a31d3949b1882a09ed2f8508d538f3(177).gif,Rock,机场接送
巴黎机场接送服务，按车收费，堵车不跳表,../assets/imgs/b9a31d3949b1882a09ed2f8508d538f3(178).gif,469,法国 巴黎,133条评价,../assets/imgs/b9a31d3949b1882a09ed2f8508d538f3(178).gif,邂逅巴黎,机场接送
伊斯坦布尔机场接送机,../assets/imgs/b9a31d3949b1882a09ed2f8508d538f3(178).gif,400,土耳其 伊斯坦布尔,208条评价,../assets/imgs/b9a31d3949b1882a09ed2f8508d538f3(178).gif,小麦,机场接送
巴黎机场接送服务，按车收费，堵车不跳表,../assets/imgs/b9a31d3949b1882a09ed2f8508d538f3(178).gif,469,法国 巴黎,133条评价,../assets/imgs/22251DD41BF05038EB0EE408077C54FB(1).jpg,邂逅巴黎,机场接送
伊斯坦布尔机场接送机,../assets/imgs/086e4c6a-4929-480a-bea1-75092faef913.jpg,400,土耳其 伊斯坦布尔,208条评价,../assets/imgs/CE45D11F169521F0B98D35B793DE6C29(1).jpg,小麦,机场接送
芭提雅到周边城市接送,../assets/imgs/66c596dbbc1ac4f442b9dfbadcf67289(1).jpeg,268,泰国 曼谷,248条评价,../assets/imgs/5b8bc53b7945ecc3c9bb57f3964af1bf(1).jpg,大坤,机场接送
新山及新加坡国际机场接送,../assets/imgs/b9a31d3949b1882a09ed2f8508d538f3(179).gif,180,马来西亚 新山,400条评价,../assets/imgs/b9a31d3949b1882a09ed2f8508d538f3(179).gif,Vincent小姚,机场接送
包车接送机 中文服务 仁川机场，金浦机场 送免税店8.5折金卡,../assets/imgs/b9a31d3949b1882a09ed2f8508d538f3(179).gif,294,韩国 首尔,155条评价,../assets/imgs/b9a31d3949b1882a09ed2f8508d538f3(179).gif,崔龙马,机场接送
美琪普吉游——普吉全岛24小时接送机中文服务,../assets/imgs/b9a31d3949b1882a09ed2f8508d538f3(180).gif,159,泰国 普吉,93条评价,../assets/imgs/b9a31d3949b1882a09ed2f8508d538f3(180).gif,美琪,机场接送
广州白云机场到香港,../assets/imgs/b9a31d3949b1882a09ed2f8508d538f3(180).gif,2100,中国香港 香港,368条评价,../assets/imgs/b9a31d3949b1882a09ed2f8508d538f3(180).gif,Rock,机场接送
关西国际机场接送机,../assets/imgs/b9a31d3949b1882a09ed2f8508d538f3(180).gif,650,日本 大阪,141条评价,../assets/imgs/b9a31d3949b1882a09ed2f8508d538f3(180).gif,大阪地接小李,机场接送
首尔机场接送服务,../assets/imgs/b9a31d3949b1882a09ed2f8508d538f3(180).gif,300,韩国 首尔,83条评价,../assets/imgs/b9a31d3949b1882a09ed2f8508d538f3(180).gif,小石,机场接送
罗马机场接送,../assets/imgs/b9a31d3949b1882a09ed2f8508d538f3(180).gif,420,意大利 罗马,82条评价,../assets/imgs/b9a31d3949b1882a09ed2f8508d538f3(180).gif,罗马假日,机场接送
悉尼机场接送机服务,../assets/imgs/b9a31d3949b1882a09ed2f8508d538f3(180).gif,300,澳大利亚 悉尼,74条评价,../assets/imgs/b9a31d3949b1882a09ed2f8508d538f3(180).gif,黄幸,机场接送
香港国际机场接送深圳东莞广州等广东省内服务,../assets/imgs/b9a31d3949b1882a09ed2f8508d538f3(180).gif,450,中国香港 香港,98条评价,../assets/imgs/b9a31d3949b1882a09ed2f8508d538f3(180).gif,张芮,机场接送
普吉机场接送,../assets/imgs/b9a31d3949b1882a09ed2f8508d538f3(181).gif,160,泰国 普吉,128条评价,../assets/imgs/b9a31d3949b1882a09ed2f8508d538f3(181).gif,跟P虫,机场接送
泰国素万那普机场－周边城市接机和送机,../assets/imgs/b9a31d3949b1882a09ed2f8508d538f3(181).gif,315,泰国 象岛,248条评价,../assets/imgs/b9a31d3949b1882a09ed2f8508d538f3(181).gif,大坤,机场接送
卡萨、马拉接送机,../assets/imgs/b9a31d3949b1882a09ed2f8508d538f3(181).gif,270,摩洛哥 卡萨布兰卡,208条评价,../assets/imgs/b9a31d3949b1882a09ed2f8508d538f3(181).gif,小麦,机场接送
岘港专业的中文司机接送机,../assets/imgs/b9a31d3949b1882a09ed2f8508d538f3(181).gif,130,越南 岘港,234条评价,../assets/imgs/b9a31d3949b1882a09ed2f8508d538f3(181).gif,小春在岘港,机场接送
迪拜VIP接机服务,../assets/imgs/b9a31d3949b1882a09ed2f8508d538f3(181).gif,1000,阿联酋 迪拜,118条评价,../assets/imgs/b9a31d3949b1882a09ed2f8508d538f3(181).gif,马帅,机场接送
Bangkok airport pickup,../assets/imgs/b9a31d3949b1882a09ed2f8508d538f3(181).gif,368,中国 长沙,103条评价,../assets/imgs/b9a31d3949b1882a09ed2f8508d538f3(181).gif,大文,机场接送
伦敦五大机场接送服务,../assets/imgs/b9a31d3949b1882a09ed2f8508d538f3(181).gif,598,英格兰 伦敦,103条评价,../assets/imgs/b9a31d3949b1882a09ed2f8508d538f3(181).gif,大卫,机场接送
金边机场、暹粒（吴哥窟）机场接送机,../assets/imgs/b9a31d3949b1882a09ed2f8508d538f3(181).gif,58,柬埔寨 暹粒,122条评价,../assets/imgs/b9a31d3949b1882a09ed2f8508d538f3(181).gif,吴哥飞龙,机场接送
吉隆坡机场接送服务,../assets/imgs/b9a31d3949b1882a09ed2f8508d538f3(182).gif,170,马来西亚 吉隆坡,48条评价,../assets/imgs/b9a31d3949b1882a09ed2f8508d538f3(182).gif,YiKuang 小林,机场接送
安全准时接送机场,../assets/imgs/b9a31d3949b1882a09ed2f8508d538f3(182).gif,571,美国 纽约,63条评价,../assets/imgs/b9a31d3949b1882a09ed2f8508d538f3(182).gif,jungo,机场接送
吉隆坡机场接送服务,../assets/imgs/b9a31d3949b1882a09ed2f8508d538f3(183).gif,170,马来西亚 吉隆坡,48条评价,../assets/imgs/7809DC6851E7F0BA3778A5A7E00D5669(1).jpg,YiKuang 小林,机场接送
安全准时接送机场,../assets/imgs/16D409590841AC631B4336790F863C5C.jpg,571,美国 纽约,63条评价,../assets/imgs/5bb51c54783ce925f73481e11d3db1a6.jpg,jungo,机场接送
雅典机场接送机,../assets/imgs/1f4d5759998e7887068783077b58b736.png,700,希腊 雅典,86条评价,../assets/imgs/b9a31d3949b1882a09ed2f8508d538f3(183).gif,希腊中文司兼导薛立强,机场接送
泰国廊曼机场－周边城市接机和送机,../assets/imgs/66c596dbbc1ac4f442b9dfbadcf67289(2).jpeg,326,泰国 华欣,248条评价,../assets/imgs/b9a31d3949b1882a09ed2f8508d538f3(184).gif,大坤,机场接送
甲米国际机场,../assets/imgs/b9a31d3949b1882a09ed2f8508d538f3(184).gif,120,泰国 甲米,128条评价,../assets/imgs/b9a31d3949b1882a09ed2f8508d538f3(184).gif,跟P虫,机场接送
济州岛准时接机服务,../assets/imgs/b9a31d3949b1882a09ed2f8508d538f3(184).gif,100,韩国 济州岛,84条评价,../assets/imgs/b9a31d3949b1882a09ed2f8508d538f3(184).gif,济州岛活地图,机场接送
莫斯科路虎接机，7座奔驰，现代商务包车，,../assets/imgs/b9a31d3949b1882a09ed2f8508d538f3(184).gif,712,俄罗斯 莫斯科,81条评价,../assets/imgs/b9a31d3949b1882a09ed2f8508d538f3(184).gif,休止。,机场接送
斐济旅游地接定制自由行当地交通预定,../assets/imgs/b9a31d3949b1882a09ed2f8508d538f3(184).gif,100,斐济 楠迪,62条评价,../assets/imgs/b9a31d3949b1882a09ed2f8508d538f3(184).gif,老坏老坏,机场接送
成田、羽田机场接送服务,../assets/imgs/b9a31d3949b1882a09ed2f8508d538f3(184).gif,990,日本 东京,76条评价,../assets/imgs/b9a31d3949b1882a09ed2f8508d538f3(184).gif,平安带您游东京,机场接送
美琪泰国游——曼谷/芭提雅 24小时接送机中文客服,../assets/imgs/b9a31d3949b1882a09ed2f8508d538f3(184).gif,199,泰国 普吉,93条评价,../assets/imgs/b9a31d3949b1882a09ed2f8508d538f3(184).gif,美琪,机场接送
斯里兰卡机场接送,../assets/imgs/b9a31d3949b1882a09ed2f8508d538f3(185).gif,251,斯里兰卡 加勒,62条评价,../assets/imgs/b9a31d3949b1882a09ed2f8508d538f3(185).gif,阿度,机场接送
机场接送-尼泊尔,../assets/imgs/b9a31d3949b1882a09ed2f8508d538f3(185).gif,50,尼泊尔 加德满都,84条评价,../assets/imgs/b9a31d3949b1882a09ed2f8508d538f3(185).gif,春天,机场接送
吉隆坡机场接送服务,../assets/imgs/b9a31d3949b1882a09ed2f8508d538f3(185).gif,180,马来西亚 吉隆坡,70条评价,../assets/imgs/b9a31d3949b1882a09ed2f8508d538f3(185).gif,小周,机场接送
提供开罗接送机服务,../assets/imgs/b9a31d3949b1882a09ed2f8508d538f3(185).gif,270,埃及 开罗,64条评价,../assets/imgs/b9a31d3949b1882a09ed2f8508d538f3(185).gif,Ibrahim San,机场接送
泰国曼谷 2 大机场中文司机接机和送机服务,../assets/imgs/b9a31d3949b1882a09ed2f8508d538f3(185).gif,300,泰国 曼谷,248条评价,../assets/imgs/b9a31d3949b1882a09ed2f8508d538f3(185).gif,大坤,机场接送
普吉接送机（中文客服）,../assets/imgs/b9a31d3949b1882a09ed2f8508d538f3(185).gif,150,泰国 普吉,47条评价,../assets/imgs/b9a31d3949b1882a09ed2f8508d538f3(185).gif,兔子,机场接送
关西机场接送,../assets/imgs/b9a31d3949b1882a09ed2f8508d538f3(186).gif,1684,日本 京都,72条评价,../assets/imgs/b9a31d3949b1882a09ed2f8508d538f3(186).gif,游京都的私人管家,机场接送
方便省心舒适机场接送,../assets/imgs/b9a31d3949b1882a09ed2f8508d538f3(186).gif,260,泰国 曼谷,75条评价,../assets/imgs/b9a31d3949b1882a09ed2f8508d538f3(186).gif,一一,机场接送
凤凰城/Alpensia/龙平/High,../assets/imgs/b9a31d3949b1882a09ed2f8508d538f3(186).gif,2266,韩国 江原道,83条评价,../assets/imgs/b9a31d3949b1882a09ed2f8508d538f3(186).gif,小石,机场接送
东京成田接送机,../assets/imgs/b9a31d3949b1882a09ed2f8508d538f3(186).gif,578,日本 东京,23条评价,../assets/imgs/b9a31d3949b1882a09ed2f8508d538f3(186).gif,Sunshine,机场接送
开普敦机场接送机,../assets/imgs/b9a31d3949b1882a09ed2f8508d538f3(186).gif,285,南非 开普敦,52条评价,../assets/imgs/b9a31d3949b1882a09ed2f8508d538f3(186).gif,雨辰,机场接送
伦敦希思罗机场  接送机服务,../assets/imgs/b9a31d3949b1882a09ed2f8508d538f3(186).gif,589,英格兰 伦敦,84条评价,../assets/imgs/b9a31d3949b1882a09ed2f8508d538f3(186).gif,成明,机场接送
开普敦机场接送机,../assets/imgs/b9a31d3949b1882a09ed2f8508d538f3(187).gif,285,南非 开普敦,52条评价,../assets/imgs/e37c6c8852a01baf47bd6ba602b9817c(1).jpg,雨辰,机场接送
伦敦希思罗机场  接送机服务,../assets/imgs/fa3f92b3993a7bf8ee8332314e4b29cd.jpg,589,英格兰 伦敦,84条评价,../assets/imgs/ae350d1af6f0937788fe16c2a859bbc82.jpg,成明,机场接送
芽庄市区-机场接送服务,../assets/imgs/7cd9533c-f9d3-451f-b120-4bfb85bbaa2b.jpg,145,越南 芽庄,136条评价,../assets/imgs/b9a31d3949b1882a09ed2f8508d538f3(188).gif,越南小鲁,机场接送
伦敦范围接送机,../assets/imgs/AC48F545BA4F6FA1D84B35C9DDE9A5DF.png,650,英格兰 伦敦,47条评价,../assets/imgs/b9a31d3949b1882a09ed2f8508d538f3(188).gif,郝国建,机场接送
泰国芭提雅接机服务,../assets/imgs/b9a31d3949b1882a09ed2f8508d538f3(188).gif,188,泰国 芭提雅,248条评价,../assets/imgs/b9a31d3949b1882a09ed2f8508d538f3(188).gif,大坤,机场接送
多伦多接送机包车一站式VIP服务,../assets/imgs/b9a31d3949b1882a09ed2f8508d538f3(188).gif,400,加拿大 多伦多,35条评价,../assets/imgs/b9a31d3949b1882a09ed2f8508d538f3(188).gif,Tony,机场接送
新千岁机场－札幌市内酒店接送机,../assets/imgs/b9a31d3949b1882a09ed2f8508d538f3(188).gif,1400,日本 北海道,72条评价,../assets/imgs/b9a31d3949b1882a09ed2f8508d538f3(188).gif,天涯,机场接送
天涯海角，任您行,../assets/imgs/b9a31d3949b1882a09ed2f8508d538f3(188).gif,558,英格兰 伦敦,70条评价,../assets/imgs/b9a31d3949b1882a09ed2f8508d538f3(188).gif,伦敦小郑,机场接送
东京机场接送服务,../assets/imgs/b9a31d3949b1882a09ed2f8508d538f3(188).gif,1200,日本 东京,56条评价,../assets/imgs/b9a31d3949b1882a09ed2f8508d538f3(188).gif,祖儿,机场接送
马尼拉机场接送机,../assets/imgs/b9a31d3949b1882a09ed2f8508d538f3(189).gif,200,菲律宾 马尼拉,40条评价,../assets/imgs/b9a31d3949b1882a09ed2f8508d538f3(189).gif,乐游菲律宾,机场接送
摩尔曼斯克机场接机,../assets/imgs/b9a31d3949b1882a09ed2f8508d538f3(189).gif,315,俄罗斯 摩尔曼斯克,81条评价,../assets/imgs/b9a31d3949b1882a09ed2f8508d538f3(189).gif,休止。,机场接送
新西兰奥克兰专业机场接送（5-12座车）,../assets/imgs/b9a31d3949b1882a09ed2f8508d538f3(189).gif,252,新西兰 奥克兰,90条评价,../assets/imgs/b9a31d3949b1882a09ed2f8508d538f3(189).gif,Raymond,机场接送
釜山机场-釜山市区酒店接送机,../assets/imgs/b9a31d3949b1882a09ed2f8508d538f3(189).gif,400,韩国 釜山,47条评价,../assets/imgs/b9a31d3949b1882a09ed2f8508d538f3(189).gif,甜甜朱,机场接送
布拉格国际机场接送机并协助办理相关手续,../assets/imgs/b9a31d3949b1882a09ed2f8508d538f3(189).gif,600,捷克 布拉格,57条评价,../assets/imgs/b9a31d3949b1882a09ed2f8508d538f3(189).gif,孙梦晨,机场接送
"达人熟悉路线，娴熟技术,回避堵车线路..",../assets/imgs/b9a31d3949b1882a09ed2f8508d538f3(189).gif,707,英格兰 伦敦,70条评价,../assets/imgs/b9a31d3949b1882a09ed2f8508d538f3(189).gif,伦敦小郑,机场接送
西雅图机场接送,../assets/imgs/b9a31d3949b1882a09ed2f8508d538f3(189).gif,400,美国 西雅图,58条评价,../assets/imgs/b9a31d3949b1882a09ed2f8508d538f3(189).gif,小亮,机场接送
大阪+关西国际空港接送机,../assets/imgs/b9a31d3949b1882a09ed2f8508d538f3(190).gif,650,日本 大阪,36条评价,../assets/imgs/b9a31d3949b1882a09ed2f8508d538f3(190).gif,宇宙日本游,机场接送
机场接送机服务,../assets/imgs/b9a31d3949b1882a09ed2f8508d538f3(190).gif,180,泰国 曼谷,66条评价,../assets/imgs/b9a31d3949b1882a09ed2f8508d538f3(190).gif,风哥哥,机场接送
莫斯科机场俄罗司机专车接机服务,../assets/imgs/b9a31d3949b1882a09ed2f8508d538f3(190).gif,368,俄罗斯 莫斯科,81条评价,../assets/imgs/b9a31d3949b1882a09ed2f8508d538f3(190).gif,休止。,机场接送
开普敦机场接送机,../assets/imgs/b9a31d3949b1882a09ed2f8508d538f3(190).gif,300,南非 开普敦,45条评价,../assets/imgs/b9a31d3949b1882a09ed2f8508d538f3(190).gif,A-芊墨爸B,机场接送
莫斯科接送机,../assets/imgs/b9a31d3949b1882a09ed2f8508d538f3(190).gif,400,俄罗斯 莫斯科,52条评价,../assets/imgs/b9a31d3949b1882a09ed2f8508d538f3(190).gif,小羊,机场接送
温哥华国际机场（YVR）接送,../assets/imgs/b9a31d3949b1882a09ed2f8508d538f3(190).gif,350,加拿大 温哥华,51条评价,../assets/imgs/b9a31d3949b1882a09ed2f8508d538f3(190).gif,Jay,机场接送
